{
  "dialog": [
    {
      "id": 0,
      "dialogText": "Hello cool, I need help with a task, would you help me?",
      "requirements": {
        "type": "QUEST",
        "quest_id": "questapi.collect_items",
        "requirement_status": "NOT_OBTAINED"
      },
      "options": [
        {
          "text": "Sure, tell me what you need.",
          "type": "OPEN_DIALOG",
          "global_id": "questapi.collect_items_dialog",
          "dialog": 1,
        },
        {
          "text": "No, sorry, I don\u0027t have time.",
          "type": "OPEN_DIALOG",
          "global_id": "questapi.collect_items_dialog",
          "dialog": 2,
        }
      ]
    }
  ],
  "identifier": "minimalist_questapi"
}